﻿<?xml version="1.0" encoding="utf-8" ?>
<VoiceCommands xmlns="http://schemas.microsoft.com/voicecommands/1.2">
  <CommandSet xml:lang="en-gb">
    <AppName>Unity Battle</AppName>
    <Example>Speak to the game</Example>
    <Command Name="startWithText">
      <Example>Say the message you want to appear in the game</Example>
      <ListenFor RequireAppName="BeforePhrase">{gamelaunchtext}</ListenFor>
      <Feedback> Starting Game... </Feedback>
      <Navigate/>
    </Command>
    <PhraseTopic Label="gamelaunchtext" Scenario="Natural Language"></PhraseTopic>
  </CommandSet>
</VoiceCommands>