﻿<?xml version="1.0" encoding="utf-8"?>
<VoiceCommands xmlns="http://schemas.microsoft.com/voicecommands/1.1">

  <CommandSet xml:lang="en-gb">
    <CommandPrefix>Unity Battle</CommandPrefix>
    <Example>Speak to the game</Example>

    <Command Name="startWithText">
      <Example>Say the message you want to appear in the game</Example>
      <ListenFor> {naturalLanguage} </ListenFor>
      <Feedback> Starting Game... </Feedback>
      <Navigate/>
    </Command>

    <Command Name="playerSearch">
      <!-- The Command example appears in the drill-down help page for your app -->
      <Example>Battle with player 'Player' </Example>

      <!-- ListenFor elements provide ways to say the command, including references to 
            {PhraseLists} and {PhraseTopics} as well as [optional] words -->
      <ListenFor> Search </ListenFor>
      <ListenFor> Search [for] {dictatedSearchTerms} </ListenFor>
      <ListenFor> Find {dictatedSearchTerms} </ListenFor>
      <ListenFor> Find </ListenFor>

      <!--Feedback provides the displayed and spoken text when your command is triggered -->
      <Feedback> Searching for Player... </Feedback>

      <!-- Navigate specifies the desired page or invocation destination for the Command-->
      <Navigate/>
    </Command>

    <PhraseTopic Label="naturalLanguage" Scenario="Natural Language"/>

    <PhraseTopic Label="dictatedSearchTerms" Scenario="Search">
      <Subject>Player</Subject>
    </PhraseTopic>


  </CommandSet>

  <!-- Other CommandSets for other languages -->

</VoiceCommands>
